[
  {
    "name": "asdfasfd",
    "title": "asdf",
    "date": "2222/2/2",
    "description": "asdfasdf",
    "photos": [
      {
        "filename": "IMG_20140420_144009.jpg",
        "date": "2014/3/20",
        "description": "nice"
      },
      {
        "filename": "IMG_20140420_144013.jpg",
        "date": "2014/3/20",
        "description": "woo"
      },
      {
        "filename": "IMG_20140420_144029.jpg",
        "date": "2014/3/20",
        "description": "fun"
      },
      {
        "filename": "IMG_20140420_144034.jpg",
        "date": "2014/3/20",
        "description": "awesome"
      },
      {
        "filename": "IMG_20140420_154149.jpg",
        "date": "2014/3/20",
        "description": "asdfasdf"
      },
      {
        "filename": "IMG_20140420_154247.jpg",
        "date": "2014/3/20",
        "description": "dijpasdofij"
      },
      {
        "filename": "IMG_20140419_164913.jpg",
        "date": "2014/3/19",
        "description": "d1"
      },
      {
        "filename": "IMG_20140419_164918.jpg",
        "date": "2014/3/19",
        "description": "d2"
      },
      {
        "filename": "IMG_20140419_165222.jpg",
        "date": "2014/3/19",
        "description": "d3"
      },
      {
        "filename": "IMG_20140419_165227.jpg",
        "date": "2014/3/19",
        "description": "d4"
      },
      {
        "filename": "IMG_20140419_165746.jpg",
        "date": "2014/3/19",
        "description": "d5"
      },
      {
        "filename": "IMG_20140419_165750.jpg",
        "date": "2014/3/19",
        "description": "d6"
      },
      {
        "filename": "IMG_20140419_165754.jpg",
        "date": "2014/3/19",
        "description": "d7"
      },
      {
        "filename": "IMG_20140419_170230.jpg",
        "date": "2014/3/19",
        "description": "d8"
      },
      {
        "filename": "IMG_20130319_140649.jpg",
        "date": "2013/2/19",
        "description": "undefined"
      },
      {
        "filename": "IMG_20130319_154722.jpg",
        "date": "2013/2/19",
        "description": "undefined"
      },
      {
        "filename": "IMG_20130319_154829.jpg",
        "date": "2013/2/19",
        "description": "undefined"
      },
      {
        "filename": "IMG_20130319_163227.jpg",
        "date": "2013/2/19",
        "description": "undefined"
      },
      {
        "filename": "IMG_20130319_163229.jpg",
        "date": "2013/2/19",
        "description": "undefined"
      },
      {
        "filename": "IMG_20130319_163234.jpg",
        "date": "2013/2/19",
        "description": "undefined"
      }
    ]
  },
  {
    "name": "asdfasdf",
    "title": "sadfasdfasdf",
    "date": "2014/01/01",
    "description": "asodfipjas dofijas pdfoijas dfpoiasdjf apsoid",
    "photos": []
  },
  {
    "name": "qwerqwerqwre",
    "title": "qwerty",
    "date": "2014/1/2",
    "description": "asdofijp asdofija spdfoiasj f",
    "photos": []
  },
  {
    "name": "zxcvzxcvzxcv",
    "title": "zxcvzxcv",
    "date": "2013/3/3",
    "description": "asivpjoidjfaspdo fij",
    "photos": []
  },
  {
    "name": "fishyfish",
    "title": "fish",
    "date": "2013/4/5",
    "description": "asdfsf",
    "photos": []
  },
  {
    "name": "dogcatfish",
    "title": "dog cat",
    "date": "2012/3/5",
    "description": "asdiofjpasfoi",
    "photos": []
  }
]